{
  "hash": "8a70ea9f",
  "configHash": "4be51e44",
  "lockfileHash": "da2eefbb",
  "browserHash": "4c4a17a6",
  "optimized": {
    "@angular/common": {
      "src": "../../../../../node_modules/@angular/common/fesm2022/common.mjs",
      "file": "@angular_common.js",
      "fileHash": "a5b2f8ab",
      "needsInterop": false
    },
    "@angular/common/http": {
      "src": "../../../../../node_modules/@angular/common/fesm2022/http.mjs",
      "file": "@angular_common_http.js",
      "fileHash": "65f2ee69",
      "needsInterop": false
    },
    "@angular/core": {
      "src": "../../../../../node_modules/@angular/core/fesm2022/core.mjs",
      "file": "@angular_core.js",
      "fileHash": "d65abc9a",
      "needsInterop": false
    },
    "@angular/forms": {
      "src": "../../../../../node_modules/@angular/forms/fesm2022/forms.mjs",
      "file": "@angular_forms.js",
      "fileHash": "3154e127",
      "needsInterop": false
    },
    "@angular/platform-browser": {
      "src": "../../../../../node_modules/@angular/platform-browser/fesm2022/platform-browser.mjs",
      "file": "@angular_platform-browser.js",
      "fileHash": "2397bdcc",
      "needsInterop": false
    },
    "@angular/platform-browser/animations": {
      "src": "../../../../../node_modules/@angular/platform-browser/fesm2022/animations.mjs",
      "file": "@angular_platform-browser_animations.js",
      "fileHash": "01a2201c",
      "needsInterop": false
    },
    "@angular/router": {
      "src": "../../../../../node_modules/@angular/router/fesm2022/router.mjs",
      "file": "@angular_router.js",
      "fileHash": "068774eb",
      "needsInterop": false
    },
    "ngx-toastr": {
      "src": "../../../../../node_modules/ngx-toastr/fesm2022/ngx-toastr.mjs",
      "file": "ngx-toastr.js",
      "fileHash": "3aa84129",
      "needsInterop": false
    },
    "rxjs": {
      "src": "../../../../../node_modules/rxjs/dist/esm5/index.js",
      "file": "rxjs.js",
      "fileHash": "e90e1b6c",
      "needsInterop": false
    }
  },
  "chunks": {
    "chunk-43C6KX4K": {
      "file": "chunk-43C6KX4K.js"
    },
    "chunk-I6GYWSS6": {
      "file": "chunk-I6GYWSS6.js"
    },
    "chunk-EHRXNVSA": {
      "file": "chunk-EHRXNVSA.js"
    },
    "chunk-IGU6QSFS": {
      "file": "chunk-IGU6QSFS.js"
    },
    "chunk-Z34T3VMF": {
      "file": "chunk-Z34T3VMF.js"
    },
    "chunk-SXIXOCJ4": {
      "file": "chunk-SXIXOCJ4.js"
    }
  }
}